title,price,hdb_type,area,year,price_per_sqft,size_sqft,road_name,n_bedrooms,n_bathrooms,district,region,scraped_date
538 UPPER CROSS STREET,620000.0,HDB 3-Room,Central Area,1978.0,961.0,645.0,Upper Cross Street,2,1,"Raffles Place, Cecil, Marina, People's Park",Central,2025-04-19 13:25:28
335A SMITH STREET,560000.0,HDB 3-Room,Central Area,1983.0,868.0,645.0,Smith Street,2,2,"Raffles Place, Cecil, Marina, People's Park",Central,2025-04-19 13:25:28
538 UPPER CROSS STREET,620000.0,HDB 3-Room,Central Area,1978.0,960.0,646.0,Upper Cross Street,2,1,"Raffles Place, Cecil, Marina, People's Park",Central,2025-04-19 13:25:28
533 UPPER CROSS STREET,620000.0,HDB 3-Room,Central Area,1979.0,895.0,693.0,Upper Cross Street,2,2,"Raffles Place, Cecil, Marina, People's Park",Central,2025-04-19 13:25:28
335A SMITH STREET,538000.0,HDB 3-Room,Central Area,1983.0,834.0,645.0,Smith Street,2,2,"Raffles Place, Cecil, Marina, People's Park",Central,2025-04-19 13:25:28
32 NEW MARKET ROAD,450000.0,HDB 2-Room,Central Area,1968.0,804.0,560.0,New Market Road,2,1,"Raffles Place, Cecil, Marina, People's Park",Central,2025-04-19 13:25:28
6 EVERTON PARK,990000.0,HDB 5-Room,Bukit Merah,1965.0,667.0,1485.0,Everton Park,4,2,"Anson, Tanjong Pagar",Central,2025-04-19 13:25:28
PINNACLE @ DUXTON,1280000.0,HDB 4-Room,2,2009.0,1265.0,1012.0,1A Cantonment Road,3,2,"Anson, Tanjong Pagar",Central,2025-04-19 13:25:28
PINNACLE @ DUXTON,1465000.0,HDB 5-Room,2,2009.0,1284.0,1141.0,1 Cantonment Road,3,2,"Anson, Tanjong Pagar",Central,2025-04-19 13:25:28
PINNACLE @ DUXTON,1430000.0,HDB 4PA (Premium Apartment),2,2009.0,1370.0,1044.0,1A Cantonment Road,3,2,"Anson, Tanjong Pagar",Central,2025-04-19 13:25:28
13 CANTONMENT CLOSE,1120000.0,HDB 4-Room,Bukit Merah,2000.0,1156.0,969.0,Cantonment Close,3,2,"Anson, Tanjong Pagar",Central,2025-04-19 13:25:28
2 TANJONG PAGAR PLAZA,550000.0,HDB 3-Room,Central Area,1976.0,866.0,635.0,Tanjong Pagar Plaza,2,1,"Anson, Tanjong Pagar",Central,2025-04-19 13:25:28
PINNACLE @ DUXTON,1450000.0,HDB 4-Room,2,2009.0,1449.0,1001.0,1A Cantonment Road,3,2,"Anson, Tanjong Pagar",Central,2025-04-19 13:25:28
PINNACLE @ DUXTON,1420000.0,HDB 4-Room,2,2009.0,1419.0,1001.0,1A Cantonment Road,3,2,"Anson, Tanjong Pagar",Central,2025-04-19 13:25:28
4 EVERTON PARK,988000.0,HDB 5-Room,Bukit Merah,1965.0,98800.0,10.0,Everton Park,3,2,"Anson, Tanjong Pagar",Central,2025-04-19 13:25:28
18 CANTONMENT CLOSE,1068888.0,HDB 4-Room,Bukit Merah,2000.0,1103.0,969.0,Cantonment Close,3,2,"Anson, Tanjong Pagar",Central,2025-04-19 13:25:28
2 TANJONG PAGAR PLAZA,635000.0,HDB 3-Room,Central Area,1976.0,843.0,753.0,Tanjong Pagar Plaza,2,2,"Anson, Tanjong Pagar",Central,2025-04-19 13:25:28
11 CANTONMENT CLOSE,1130000.0,HDB 4-Room,Bukit Merah,2000.0,1167.0,968.0,Cantonment Close,3,2,"Anson, Tanjong Pagar",Central,2025-04-19 13:25:28
PINNACLE @ DUXTON,1450000.0,HDB 4-Room,2,2009.0,1433.0,1012.0,1A Cantonment Road,3,2,"Anson, Tanjong Pagar",Central,2025-04-19 13:25:28
1A CANTONMENT ROAD,1450000.0,HDB 4-Room,Central Area,2009.0,1404.0,1033.0,Cantonment Road,3,2,"Anson, Tanjong Pagar",Central,2025-04-19 13:25:28
PINNACLE @ DUXTON,1450000.0,HDB 4-Room,2,2009.0,1404.0,1033.0,1A Cantonment Road,3,2,"Anson, Tanjong Pagar",Central,2025-04-19 13:25:28
7 TANJONG PAGAR PLAZA,880000.0,HDB 4-Room,Central Area,1979.0,985.0,893.0,Tanjong Pagar Plaza,3,2,"Anson, Tanjong Pagar",Central,2025-04-19 13:25:28
17 CANTONMENT CLOSE,1080000.0,HDB 4-Room,Bukit Merah,2000.0,1115.0,969.0,Cantonment Close,3,2,"Anson, Tanjong Pagar",Central,2025-04-19 13:25:28
3 TANJONG PAGAR PLAZA,565000.0,HDB 3-Room,Central Area,1976.0,890.0,635.0,Tanjong Pagar Plaza,2,2,"Anson, Tanjong Pagar",Central,2025-04-19 13:25:28
110 SPOTTISWOODE PARK ROAD,900000.0,HDB 5-Room,Bukit Merah,1977.0,680.0,1323.0,Spottiswoode Park Road,3,2,"Anson, Tanjong Pagar",Central,2025-04-19 13:25:28
61C STRATHMORE AVENUE,800000.0,HDB 3-Room,Queenstown,2010.0,1077.0,743.0,Strathmore Avenue,2,2,"Queenstown, Tiong Bahru",Central,2025-04-19 13:25:28
95 HAVELOCK ROAD,1100000.0,HDB 5-Room,Bukit Merah,1982.0,866.0,1270.0,Havelock Road,3,2,"Queenstown, Tiong Bahru",Central,2025-04-19 13:25:28
87 ZION ROAD,1158000.0,HDB 5-Room,Bukit Merah,1974.0,944.0,1227.0,Zion Road,3,2,"Queenstown, Tiong Bahru",Central,2025-04-19 13:25:28
48 STRATHMORE AVENUE,1088000.0,HDB 4-Room,Queenstown,2005.0,1124.0,968.0,Strathmore Avenue,3,2,"Queenstown, Tiong Bahru",Central,2025-04-19 13:25:28
46 LENGKOK BAHRU,720000.0,HDB 4-Room,Bukit Merah,1983.0,650.0,1108.0,Lengkok Bahru,3,2,"Queenstown, Tiong Bahru",Central,2025-04-19 13:25:28
88 DAWSON ROAD,1080000.0,HDB 4PA (Premium Apartment),Queenstown,2015.0,1209.0,893.0,Dawson Road,3,2,"Queenstown, Tiong Bahru",Central,2025-04-19 13:25:28
88 DAWSON ROAD,1180000.0,HDB 4PA (Premium Apartment),Queenstown,2015.0,1321.0,893.0,Dawson Road,3,2,"Queenstown, Tiong Bahru",Central,2025-04-19 13:25:28
75B REDHILL ROAD,1230000.0,HDB 5-Room,Bukit Merah,2005.0,994.0,1238.0,Redhill Road,3,2,"Queenstown, Tiong Bahru",Central,2025-04-19 13:25:28
45 KIM CHENG STREET,776000.0,HDB 3-Room,Bukit Merah,1949.0,819.0,947.0,Kim Cheng Street,2,1,"Queenstown, Tiong Bahru",Central,2025-04-19 13:25:28
95 HAVELOCK ROAD,1100000.0,HDB 5-Room,Bukit Merah,1982.0,866.0,1270.0,Havelock Road,3,2,"Queenstown, Tiong Bahru",Central,2025-04-19 13:25:28
148 MEI LING STREET,1200000.0,HDB Exec Apartment,Queenstown,1994.0,743.0,1614.0,Mei Ling Street,4,2,"Queenstown, Tiong Bahru",Central,2025-04-19 13:25:28
96A HENDERSON ROAD,1450000.0,HDB 5-Room,Bukit Merah,2018.0,1192.0,1216.0,Henderson Road,3,2,"Queenstown, Tiong Bahru",Central,2025-04-19 13:25:28
86 DAWSON ROAD,1058000.0,HDB 4-Room,Queenstown,2015.0,1185.0,893.0,Dawson Road,3,2,"Queenstown, Tiong Bahru",Central,2025-04-19 13:25:28
95 COMMONWEALTH DRIVE,390000.0,HDB 3-Room,Queenstown,1964.0,533.0,732.0,Commonwealth Drive,2,1,"Queenstown, Tiong Bahru",Central,2025-04-19 13:25:28
141 JALAN BUKIT MERAH,420000.0,HDB 3-Room,Bukit Merah,1978.0,583.0,720.0,Jalan Bukit Merah,2,2,"Queenstown, Tiong Bahru",Central,2025-04-19 13:25:28
36 MARGARET DRIVE,1468000.0,HDB 4-Room,Queenstown,2021.0,1587.0,925.0,Margaret Drive,3,2,"Queenstown, Tiong Bahru",Central,2025-04-19 13:25:28
40A MARGARET DRIVE,1725000.0,HDB 5-Room,Queenstown,2021.0,1483.0,1163.0,Margaret Drive,3,2,"Queenstown, Tiong Bahru",Central,2025-04-19 13:25:28
43 LENGKOK BAHRU,668000.0,HDB 4-Room,Bukit Merah,1986.0,739.0,904.0,Lengkok Bahru,3,2,"Queenstown, Tiong Bahru",Central,2025-04-19 13:25:28
53 HAVELOCK ROAD,1100000.0,HDB 4-Room,Bukit Merah,2011.0,1087.0,1012.0,Havelock Road,3,2,"Queenstown, Tiong Bahru",Central,2025-04-19 13:25:28
111A DEPOT ROAD,970000.0,HDB 5-Room,Bukit Merah,2004.0,784.0,1238.0,Depot Road,3,2,"Telok Blangah, Harbourfront",Central,2025-04-19 13:25:28
110 BUKIT PURMEI ROAD,580000.0,HDB 3-Room,Bukit Merah,1984.0,730.0,794.0,Bukit Purmei Road,2,2,"Telok Blangah, Harbourfront",Central,2025-04-19 13:25:28
110A DEPOT ROAD,958888.0,HDB 4-Room,Bukit Merah,2016.0,969.0,990.0,Depot Road,3,2,"Telok Blangah, Harbourfront",Central,2025-04-19 13:25:28
74 TELOK BLANGAH HEIGHTS,880000.0,HDB 5-Room,Bukit Merah,1977.0,699.0,1259.0,Telok Blangah Heights,3,2,"Telok Blangah, Harbourfront",Central,2025-04-19 13:25:28
53 TELOK BLANGAH DRIVE,790000.0,HDB 5-Room,Bukit Merah,1977.0,612.0,1291.0,Telok Blangah Drive,3,2,"Telok Blangah, Harbourfront",Central,2025-04-19 13:25:28
113 BUKIT PURMEI ROAD,768000.0,HDB 4-Room,Bukit Merah,1984.0,693.0,1108.0,Bukit Purmei Road,3,2,"Telok Blangah, Harbourfront",Central,2025-04-19 13:25:28
80C TELOK BLANGAH STREET 31,798000.0,HDB 3PA (Premium Apartment),Bukit Merah,2011.0,1092.0,731.0,Telok Blangah Street 31,2,2,"Telok Blangah, Harbourfront",Central,2025-04-19 13:25:28
103A DEPOT ROAD,850000.0,HDB 4-Room,Bukit Merah,1999.0,877.0,969.0,Depot Road,3,2,"Telok Blangah, Harbourfront",Central,2025-04-19 13:25:28
70C TELOK BLANGAH HEIGHTS,988000.0,HDB 4-Room,Bukit Merah,2016.0,987.0,1001.0,Telok Blangah Heights,3,2,"Telok Blangah, Harbourfront",Central,2025-04-19 13:25:28
34 TELOK BLANGAH WAY,508000.0,HDB 4-Room,Bukit Merah,1975.0,575.0,883.0,Telok Blangah Way,3,2,"Telok Blangah, Harbourfront",Central,2025-04-19 13:25:28
17 TELOK BLANGAH CRESCENT,840000.0,HDB 4-Room,Bukit Merah,2000.0,773.0,1086.0,Telok Blangah Crescent,3,2,"Telok Blangah, Harbourfront",Central,2025-04-19 13:25:28
90B TELOK BLANGAH STREET 31,1058888.0,HDB 4-Room,Bukit Merah,2017.0,1058.0,1001.0,Telok Blangah Street 31,3,2,"Telok Blangah, Harbourfront",Central,2025-04-19 13:25:28
53 TELOK BLANGAH DRIVE,860000.0,HDB 5-Room,Bukit Merah,1977.0,677.0,1270.0,Telok Blangah Drive,3,2,"Telok Blangah, Harbourfront",Central,2025-04-19 13:25:28
92A TELOK BLANGAH STREET 31,800000.0,HDB 3-Room,Bukit Merah,2017.0,1093.0,732.0,Telok Blangah Street 31,2,2,"Telok Blangah, Harbourfront",Central,2025-04-19 13:25:28
42 TELOK BLANGAH RISE,418000.0,HDB 3-Room,Bukit Merah,1975.0,555.0,753.0,Telok Blangah Rise,2,2,"Telok Blangah, Harbourfront",Central,2025-04-19 13:25:28
113 BUKIT PURMEI ROAD,768000.0,HDB 4-Room,Bukit Merah,1984.0,693.0,1109.0,Bukit Purmei Road,3,2,"Telok Blangah, Harbourfront",Central,2025-04-19 13:25:28
102 BUKIT PURMEI ROAD,528000.0,HDB 3-Room,Bukit Merah,1983.0,673.0,785.0,Bukit Purmei Road,2,2,"Telok Blangah, Harbourfront",Central,2025-04-19 13:25:28
42 TELOK BLANGAH RISE,430000.0,HDB 3-Room,Bukit Merah,1975.0,677.0,635.0,Telok Blangah Rise,2,2,"Telok Blangah, Harbourfront",Central,2025-04-19 13:25:28
60 TELOK BLANGAH HEIGHTS,440000.0,HDB 3-Room,Bukit Merah,1976.0,610.0,721.0,Telok Blangah Heights,2,2,"Telok Blangah, Harbourfront",Central,2025-04-19 13:25:28
59 TELOK BLANGAH HEIGHTS,670000.0,HDB 4-Room,Bukit Merah,1976.0,684.0,979.0,Telok Blangah Heights,3,2,"Telok Blangah, Harbourfront",Central,2025-04-19 13:25:28
610 CLEMENTI WEST STREET 1,588000.0,HDB 4-Room,Clementi,1982.0,525.0,1119.0,Clementi West Street 1,3,2,"Pasir Panjang, Hong Leong Garden, Clementi New Town",West,2025-04-19 13:25:28
377 CLEMENTI AVENUE 5,620000.0,HDB 4-Room,Clementi,1980.0,633.0,979.0,Clementi Avenue 5,3,2,"Pasir Panjang, Hong Leong Garden, Clementi New Town",West,2025-04-19 13:25:28
611 CLEMENTI WEST STREET 1,440000.0,HDB 3-Room,Clementi,1983.0,552.0,797.0,Clementi West Street 1,2,2,"Pasir Panjang, Hong Leong Garden, Clementi New Town",West,2025-04-19 13:25:28
510 WEST COAST DRIVE,380000.0,HDB 3-Room,Clementi,1977.0,527.0,721.0,West Coast Drive,2,2,"Pasir Panjang, Hong Leong Garden, Clementi New Town",West,2025-04-19 13:25:28
416 CLEMENTI AVENUE 1,1350000.0,HDB 5-Room,Clementi,2012.0,1063.0,1270.0,Clementi Avenue 1,3,2,"Pasir Panjang, Hong Leong Garden, Clementi New Town",West,2025-04-19 13:25:28
333 CLEMENTI AVENUE 2,750000.0,HDB 4-Room,Clementi,1977.0,758.0,990.0,Clementi Avenue 2,3,2,"Pasir Panjang, Hong Leong Garden, Clementi New Town",West,2025-04-19 13:25:28
20 DOVER CRESCENT,446000.0,HDB 3-Room,Queenstown,1975.0,637.0,700.0,Dover Crescent,2,1,"Pasir Panjang, Hong Leong Garden, Clementi New Town",West,2025-04-19 13:25:28
416 CLEMENTI AVENUE 1,1350000.0,HDB 5-Room,Clementi,2012.0,1063.0,1270.0,Clementi Avenue 1,3,2,"Pasir Panjang, Hong Leong Garden, Clementi New Town",West,2025-04-19 13:25:28
416 CLEMENTI AVENUE 1,1099000.0,HDB 5-Room,Clementi,2012.0,844.0,1302.0,Clementi Avenue 1,4,2,"Pasir Panjang, Hong Leong Garden, Clementi New Town",West,2025-04-19 13:25:28
715 CLEMENTI WEST STREET 2,538888.0,HDB 4-Room,Clementi,1981.0,550.0,980.0,Clementi West Street 2,3,2,"Pasir Panjang, Hong Leong Garden, Clementi New Town",West,2025-04-19 13:25:28
311A CLEMENTI AVENUE 4,928000.0,HDB 4-Room,Clementi,2015.0,1078.0,861.0,Clementi Avenue 4,3,2,"Pasir Panjang, Hong Leong Garden, Clementi New Town",West,2025-04-19 13:25:28
337 CLEMENTI AVENUE 2,860000.0,HDB 5-Room,Clementi,1978.0,671.0,1281.0,Clementi Avenue 2,3,2,"Pasir Panjang, Hong Leong Garden, Clementi New Town",West,2025-04-19 13:25:28
115 CLEMENTI STREET 13,1090000.0,HDB Exec Maisonette,Clementi,1984.0,693.0,1572.0,Clementi Street 13,3,3,"Pasir Panjang, Hong Leong Garden, Clementi New Town",West,2025-04-19 13:25:28
714 CLEMENTI WEST STREET 2,490000.0,HDB 3-Room,Clementi,1980.0,556.0,882.0,Clementi West Street 2,2,2,"Pasir Panjang, Hong Leong Garden, Clementi New Town",West,2025-04-19 13:25:28
416 CLEMENTI AVENUE 1,1350000.0,HDB 5-Room,Clementi,2012.0,1063.0,1270.0,Clementi Avenue 1,3,2,"Pasir Panjang, Hong Leong Garden, Clementi New Town",West,2025-04-19 13:25:28
20 DOVER CRESCENT,445000.0,HDB 3-Room,Queenstown,1975.0,636.0,700.0,Dover Crescent,2,1,"Pasir Panjang, Hong Leong Garden, Clementi New Town",West,2025-04-19 13:25:28
311C CLEMENTI AVENUE 4,688000.0,HDB 3-Room,Clementi,2015.0,1067.0,645.0,Clementi Avenue 4,2,2,"Pasir Panjang, Hong Leong Garden, Clementi New Town",West,2025-04-19 13:25:28
311A CLEMENTI AVENUE 4,1380000.0,HDB 5-Room,Clementi,2015.0,1221.0,1130.0,Clementi Avenue 4,3,2,"Pasir Panjang, Hong Leong Garden, Clementi New Town",West,2025-04-19 13:25:28
416 CLEMENTI AVENUE 1,1350000.0,HDB 5-Room,Clementi,2012.0,1063.0,1270.0,Clementi Avenue 1,3,2,"Pasir Panjang, Hong Leong Garden, Clementi New Town",West,2025-04-19 13:25:28
9 SELEGIE ROAD,458000.0,HDB 3-Room,Central Area,1963.0,761.0,602.0,Selegie Road,2,1,"Middle Road, Golden Mile",Central,2025-04-19 13:25:28
468 NORTH BRIDGE ROAD,530000.0,HDB 3-Room,Kallang/Whampoa,1978.0,820.0,646.0,North Bridge Road,2,1,"Middle Road, Golden Mile",Central,2025-04-19 13:25:28
468 NORTH BRIDGE ROAD,530000.0,HDB 3-Room,Kallang/Whampoa,1978.0,822.0,645.0,North Bridge Road,2,1,"Middle Road, Golden Mile",Central,2025-04-19 13:25:28
461 CRAWFORD LANE,980000.0,HDB 5-Room,Kallang/Whampoa,1981.0,746.0,1313.0,Crawford Lane,3,2,"Middle Road, Golden Mile",Central,2025-04-19 13:25:28
1 BEACH ROAD,540000.0,HDB 3-Room,Kallang/Whampoa,1970.0,678.0,796.0,Beach Road,2,1,"Middle Road, Golden Mile",Central,2025-04-19 13:25:28
15 BEACH ROAD,600000.0,HDB 4-Room,Kallang/Whampoa,1974.0,724.0,829.0,Beach Road,3,2,"Middle Road, Golden Mile",Central,2025-04-19 13:25:28
15 BEACH ROAD,730000.0,HDB 4-Room,Kallang/Whampoa,1974.0,881.0,829.0,Beach Road,3,2,"Middle Road, Golden Mile",Central,2025-04-19 13:25:28
468 NORTH BRIDGE ROAD,480000.0,HDB 3-Room,Kallang/Whampoa,1978.0,743.0,646.0,North Bridge Road,2,2,"Middle Road, Golden Mile",Central,2025-04-19 13:25:28
15 BEACH ROAD,730000.0,HDB 4-Room,Kallang/Whampoa,1974.0,882.0,828.0,Beach Road,3,2,"Middle Road, Golden Mile",Central,2025-04-19 13:25:28
264 WATERLOO STREET,750000.0,HDB 3-Room,Central Area,1978.0,1025.0,732.0,Waterloo Street,2,2,"Middle Road, Golden Mile",Central,2025-04-19 13:25:28
262 WATERLOO STREET,1188000.0,HDB 4-Room,Central Area,1978.0,1347.0,882.0,Waterloo Street,3,2,"Middle Road, Golden Mile",Central,2025-04-19 13:25:28
3 BEACH ROAD,460000.0,HDB 3-Room,Kallang/Whampoa,1970.0,630.0,730.0,Beach Road,2,2,"Middle Road, Golden Mile",Central,2025-04-19 13:25:28
12 NORTH BRIDGE ROAD,858000.0,HDB 5-Room,Kallang/Whampoa,1974.0,699.0,1227.0,North Bridge Road,3,2,"Middle Road, Golden Mile",Central,2025-04-19 13:25:28
264 WATERLOO STREET,638888.0,HDB 3-Room,Central Area,1978.0,873.0,732.0,Waterloo Street,2,1,"Middle Road, Golden Mile",Central,2025-04-19 13:25:28
15 BEACH ROAD,700000.0,HDB 4-Room,Kallang/Whampoa,1974.0,99.0,845.0,828 sqft,3,2,"Middle Road, Golden Mile",Central,2025-04-19 13:25:28
50 DORSET ROAD,615000.0,HDB 3-Room,Kallang/Whampoa,1978.0,697.0,882.0,Dorset Road,2,2,Little India,Central,2025-04-19 13:25:28
663 BUFFALO ROAD,620000.0,HDB 4-Room,Central Area,1981.0,702.0,883.0,Buffalo Road,3,2,Little India,Central,2025-04-19 13:25:28
13 FARRER PARK ROAD,998000.0,HDB 5-Room,Kallang/Whampoa,2002.0,851.0,1173.0,Farrer Park Road,3,2,Little India,Central,2025-04-19 13:25:28
13 FARRER PARK ROAD,998000.0,HDB 5-Room,Kallang/Whampoa,2002.0,851.0,1173.0,Farrer Park Road,3,2,Little India,Central,2025-04-19 13:25:28
813 JELLICOE ROAD,999000.0,HDB 4-Room,Kallang/Whampoa,2001.0,1019.0,980.0,Jellicoe Road,3,2,Little India,Central,2025-04-19 13:25:28
15 FARRER PARK ROAD,700000.0,HDB 3-Room,Kallang/Whampoa,2002.0,1049.0,667.0,Farrer Park Road,2,2,Little India,Central,2025-04-19 13:25:28
683 TESSENSOHN ROAD,800000.0,HDB 4-Room,Kallang/Whampoa,1985.0,721.0,1109.0,Tessensohn Road,3,2,Little India,Central,2025-04-19 13:25:28
48A DORSET ROAD,996677.0,HDB 5-Room,Kallang/Whampoa,1975.0,792.0,1259.0,Dorset Road,3,2,Little India,Central,2025-04-19 13:25:28
13 FARRER PARK ROAD,1030000.0,HDB 4-Room,Kallang/Whampoa,2002.0,1064.0,968.0,Farrer Park Road,3,2,Little India,Central,2025-04-19 13:25:28
813 JELLICOE ROAD,999000.0,HDB 4-Room,Kallang/Whampoa,2001.0,1031.0,969.0,Jellicoe Road,3,2,Little India,Central,2025-04-19 13:25:28
816 JELLICOE ROAD,988000.0,HDB 4-Room,Kallang/Whampoa,2001.0,1080.0,915.0,Jellicoe Road,3,2,Little India,Central,2025-04-19 13:25:28
807 KING GEORGE'S AVENUE,1100000.0,HDB 5-Room,Kallang/Whampoa,1980.0,889.0,1238.0,King George's Avenue,3,2,Little India,Central,2025-04-19 13:25:28
642 ROWELL ROAD,1155000.0,HDB 5-Room,Central Area,1982.0,783.0,1475.0,Rowell Road,5,2,Little India,Central,2025-04-19 13:25:28
805 KING GEORGE'S AVENUE,350000.0,HDB 2-Room,Kallang/Whampoa,1980.0,740.0,473.0,King George's Avenue,1,1,Little India,Central,2025-04-19 13:25:28
38 CAMBRIDGE ROAD,920000.0,HDB 5-Room,Kallang/Whampoa,1997.0,713.0,1291.0,Cambridge Road,3,2,Little India,Central,2025-04-19 13:25:28
636 VEERASAMY ROAD,648000.0,HDB 3-Room,Central Area,1984.0,669.0,968.0,Veerasamy Road,2,2,Little India,Central,2025-04-19 13:25:28
49 DORSET ROAD,499000.0,HDB 3-Room,Kallang/Whampoa,1978.0,682.0,732.0,Dorset Road,2,2,Little India,Central,2025-04-19 13:25:28
15 FARRER PARK ROAD,700000.0,HDB 3-Room,Kallang/Whampoa,2002.0,1049.0,667.0,Farrer Park Road,2,2,Little India,Central,2025-04-19 13:25:28
684 RACE COURSE ROAD,775000.0,HDB 4-Room,Kallang/Whampoa,1985.0,699.0,1109.0,Race Course Road,3,2,Little India,Central,2025-04-19 13:25:28
672B KLANG LANE,730000.0,HDB 4-Room,Central Area,2000.0,798.0,915.0,Klang Lane,3,2,Little India,Central,2025-04-19 13:25:28
30 HOLLAND CLOSE,1280000.0,HDB 5-Room,Queenstown,1995.0,951.0,1346.0,Holland Close,4,2,"Ardmore, Bukit Timah, Holland Road, Tanglin",Central,2025-04-19 13:25:28
8 EMPRESS ROAD,450000.0,HDB 3-Room,Bukit Timah,1975.0,643.0,700.0,Empress Road,3,2,"Ardmore, Bukit Timah, Holland Road, Tanglin",Central,2025-04-19 13:25:28
19 GHIM MOH ROAD,459000.0,HDB 3-Room,Queenstown,1976.0,656.0,700.0,Ghim Moh Road,2,1,"Ardmore, Bukit Timah, Holland Road, Tanglin",Central,2025-04-19 13:25:28
13 GHIM MOH ROAD,990000.0,HDB 5-Room,Queenstown,1976.0,736.0,1345.0,Ghim Moh Road,3,2,"Ardmore, Bukit Timah, Holland Road, Tanglin",Central,2025-04-19 13:25:28
1 GHIM MOH ROAD,465000.0,HDB 3-Room,Queenstown,1975.0,664.0,700.0,Ghim Moh Road,3,1,"Ardmore, Bukit Timah, Holland Road, Tanglin",Central,2025-04-19 13:25:28
96 DAWSON ROAD,1680000.0,HDB 4PA (Premium Apartment),Queenstown,2020.0,1814.0,926.0,Dawson Road,3,2,"Ardmore, Bukit Timah, Holland Road, Tanglin",Central,2025-04-19 13:25:28
7 GHIM MOH ROAD,850000.0,HDB 5-Room,Queenstown,1976.0,675.0,1259.0,Ghim Moh Road,3,2,"Ardmore, Bukit Timah, Holland Road, Tanglin",Central,2025-04-19 13:25:28
21 GHIM MOH ROAD,413888.0,HDB 3-Room,Queenstown,1976.0,591.0,700.0,Ghim Moh Road,2,1,"Ardmore, Bukit Timah, Holland Road, Tanglin",Central,2025-04-19 13:25:28
13 HOLLAND DRIVE,760000.0,HDB 4-Room,Queenstown,1974.0,803.0,947.0,Holland Drive,3,2,"Ardmore, Bukit Timah, Holland Road, Tanglin",Central,2025-04-19 13:25:28
96 DAWSON ROAD,1700000.0,HDB 5PA (Premium Apartment),Queenstown,2020.0,1463.0,1162.0,Dawson Road,4,2,"Ardmore, Bukit Timah, Holland Road, Tanglin",Central,2025-04-19 13:25:28
9 HOLLAND AVENUE,568888.0,HDB 3-Room,Queenstown,1973.0,725.0,785.0,Holland Avenue,2,2,"Ardmore, Bukit Timah, Holland Road, Tanglin",Central,2025-04-19 13:25:28
13 GHIM MOH ROAD,1150000.0,HDB 5-Room,Queenstown,1976.0,869.0,1323.0,Ghim Moh Road,3,2,"Ardmore, Bukit Timah, Holland Road, Tanglin",Central,2025-04-19 13:25:28
4 QUEEN'S ROAD,550000.0,HDB 3-Room,Bukit Timah,1973.0,701.0,785.0,Queen's Road,2,1,"Ardmore, Bukit Timah, Holland Road, Tanglin",Central,2025-04-19 13:25:28
19 GHIM MOH ROAD,445000.0,HDB 3-Room,Queenstown,1976.0,636.0,700.0,Ghim Moh Road,2,1,"Ardmore, Bukit Timah, Holland Road, Tanglin",Central,2025-04-19 13:25:28
27 GHIM MOH LINK,770000.0,HDB 3-Room,Queenstown,2011.0,1068.0,721.0,Ghim Moh Link,2,2,"Ardmore, Bukit Timah, Holland Road, Tanglin",Central,2025-04-19 13:25:28
1 GHIM MOH ROAD,430000.0,HDB 3-Room,Queenstown,1975.0,614.0,700.0,Ghim Moh Road,2,1,"Ardmore, Bukit Timah, Holland Road, Tanglin",Central,2025-04-19 13:25:28
32 HOLLAND CLOSE,450000.0,HDB 3-Room,Queenstown,1973.0,709.0,635.0,Holland Close,2,1,"Ardmore, Bukit Timah, Holland Road, Tanglin",Central,2025-04-19 13:25:28
20 HOLLAND DRIVE,1080000.0,HDB 5-Room,Queenstown,1974.0,858.0,1259.0,Holland Drive,3,2,"Ardmore, Bukit Timah, Holland Road, Tanglin",Central,2025-04-19 13:25:28
8 EMPRESS ROAD,480000.0,HDB 3-Room,Bukit Timah,1975.0,686.0,700.0,Empress Road,2,2,"Ardmore, Bukit Timah, Holland Road, Tanglin",Central,2025-04-19 13:25:28
94 DAWSON ROAD,920000.0,HDB 3PA (Premium Apartment),Queenstown,2020.0,1357.0,678.0,Dawson Road,2,2,"Ardmore, Bukit Timah, Holland Road, Tanglin",Central,2025-04-19 13:25:28
69 MOULMEIN ROAD,628000.0,HDB 4-Room,Kallang/Whampoa,1972.0,695.0,904.0,Moulmein Road,3,2,"Watten Estate, Novena, Thomson",Central,2025-04-19 13:25:28
69 MOULMEIN ROAD,623888.0,HDB 4-Room,Kallang/Whampoa,1972.0,690.0,904.0,Moulmein Road,3,2,"Watten Estate, Novena, Thomson",Central,2025-04-19 13:25:28
147 LORONG 2 TOA PAYOH,1060000.0,HDB 4-Room,Toa Payoh,2004.0,1082.0,980.0,Lorong 2 Toa Payoh,3,2,"Balestier, Toa Payoh, Serangoon",Central,2025-04-19 13:25:28
108 JALAN RAJAH,1030000.0,HDB Exec Maisonette,Kallang/Whampoa,1983.0,626.0,1646.0,Jalan Rajah,3,3,"Balestier, Toa Payoh, Serangoon",Central,2025-04-19 13:25:28
138C LORONG 1A TOA PAYOH,1400000.0,HDB 5-Room,Toa Payoh,2012.0,1182.0,1184.0,Lorong 1A Toa Payoh,3,2,"Balestier, Toa Payoh, Serangoon",Central,2025-04-19 13:25:28
58 JALAN MA'MOR,1650000.0,HDB 5-Room,Kallang/Whampoa,1959.0,881.0,1873.0,Jalan Ma'mor,4,2,"Balestier, Toa Payoh, Serangoon",Central,2025-04-19 13:25:28
18 JALAN TENTERAM,865000.0,HDB 5-Room,Kallang/Whampoa,1999.0,766.0,1129.0,Jalan Tenteram,3,2,"Balestier, Toa Payoh, Serangoon",Central,2025-04-19 13:25:28
79B TOA PAYOH CENTRAL,1080000.0,HDB 4-Room,Toa Payoh,2007.0,1102.0,980.0,Toa Payoh Central,3,2,"Balestier, Toa Payoh, Serangoon",Central,2025-04-19 13:25:28
214 LORONG 8 TOA PAYOH,498000.0,HDB 4-Room,Toa Payoh,1975.0,564.0,883.0,Lorong 8 Toa Payoh,3,2,"Balestier, Toa Payoh, Serangoon",Central,2025-04-19 13:25:28
139A LORONG 1A TOA PAYOH,1348888.0,HDB 5-Room,Toa Payoh,2012.0,1071.0,1259.0,Lorong 1A Toa Payoh,3,2,"Balestier, Toa Payoh, Serangoon",Central,2025-04-19 13:25:28
243 KIM KEAT LINK,800000.0,HDB 5-Room,Toa Payoh,1988.0,559.0,1432.0,Kim Keat Link,4,2,"Balestier, Toa Payoh, Serangoon",Central,2025-04-19 13:25:28
100 LORONG 1 TOA PAYOH,418000.0,HDB 3-Room,Toa Payoh,1968.0,571.0,732.0,Lorong 1 Toa Payoh,2,1,"Balestier, Toa Payoh, Serangoon",Central,2025-04-19 13:25:28
131A LORONG 1 TOA PAYOH,1188000.0,HDB 4-Room,Toa Payoh,2017.0,1187.0,1001.0,Lorong 1 Toa Payoh,3,2,"Balestier, Toa Payoh, Serangoon",Central,2025-04-19 13:25:28
62 LORONG 4 TOA PAYOH,740000.0,HDB 4-Room,Toa Payoh,1998.0,688.0,1076.0,Lorong 4 Toa Payoh,3,2,"Balestier, Toa Payoh, Serangoon",Central,2025-04-19 13:25:28
93 WHAMPOA DRIVE,1199900.0,HDB 5-Room,Kallang/Whampoa,1973.0,736.0,1630.0,Whampoa Drive,6,3,"Balestier, Toa Payoh, Serangoon",Central,2025-04-19 13:25:28
152 LORONG 2 TOA PAYOH,909000.0,HDB 4-Room,Toa Payoh,2005.0,928.0,979.0,Lorong 2 Toa Payoh,3,2,"Balestier, Toa Payoh, Serangoon",Central,2025-04-19 13:25:28
218 LORONG 8 TOA PAYOH,745000.0,HDB 5-Room,Toa Payoh,1977.0,592.0,1259.0,Lorong 8 Toa Payoh,3,2,"Balestier, Toa Payoh, Serangoon",Central,2025-04-19 13:25:28
142 LORONG 2 TOA PAYOH,1280000.0,HDB 5-Room,Toa Payoh,1999.0,1026.0,1248.0,Lorong 2 Toa Payoh,3,2,"Balestier, Toa Payoh, Serangoon",Central,2025-04-19 13:25:28
38C BENDEMEER ROAD,950000.0,HDB 4-Room,Kallang/Whampoa,2010.0,992.0,958.0,Bendemeer Road,3,2,"Balestier, Toa Payoh, Serangoon",Central,2025-04-19 13:25:28
139A LORONG 1A TOA PAYOH,1146000.0,HDB 4PA (Premium Apartment),Toa Payoh,2012.0,1169.0,980.0,Lorong 1A Toa Payoh,3,2,"Balestier, Toa Payoh, Serangoon",Central,2025-04-19 13:25:28
32 BALAM ROAD,348888.0,HDB 3-Room,Geylang,1965.0,569.0,613.0,Balam Road,2,1,"Macpherson, Braddell",East,2025-04-19 13:25:28
140 POTONG PASIR AVENUE 3,598000.0,HDB 3-Room,Toa Payoh,1984.0,751.0,796.0,Potong Pasir Avenue 3,2,2,"Macpherson, Braddell",East,2025-04-19 13:25:28
14 JOO SENG ROAD,830000.0,HDB 5-Room,Toa Payoh,1983.0,584.0,1421.0,Joo Seng Road,5,2,"Macpherson, Braddell",East,2025-04-19 13:25:28
118A ALKAFF CRESCENT,800000.0,HDB 3-Room,2019,2019.0,1093.0,732.0,Alkaff Crescent,2,2,"Macpherson, Braddell",East,2025-04-19 13:25:28
102B BIDADARI PARK DRIVE,850000.0,HDB 3-Room,2020,2020.0,1161.0,732.0,Bidadari Park Drive,2,2,"Macpherson, Braddell",East,2025-04-19 13:25:28
21 BALAM ROAD,380000.0,HDB 3-Room,Geylang,1965.0,588.0,646.0,Balam Road,2,1,"Macpherson, Braddell",East,2025-04-19 13:25:28
32 BALAM ROAD,368000.0,HDB 3-Room,Geylang,1965.0,600.0,613.0,Balam Road,2,1,"Macpherson, Braddell",East,2025-04-19 13:25:28
115A ALKAFF CRESCENT,1150000.0,HDB 4-Room,2019,2019.0,1149.0,1001.0,Alkaff Crescent,3,2,"Macpherson, Braddell",East,2025-04-19 13:25:28
102A BIDADARI PARK DRIVE,1228000.0,HDB 4PA (Premium Apartment),2020,2020.0,1227.0,1001.0,Bidadari Park Drive,3,2,"Macpherson, Braddell",East,2025-04-19 13:25:28
7 UPPER ALJUNIED LANE,620000.0,HDB 3-Room,Toa Payoh,2015.0,847.0,732.0,Upper Aljunied Lane,2,2,"Macpherson, Braddell",East,2025-04-19 13:25:28
49 CIRCUIT ROAD,330000.0,HDB 3-Room,Geylang,1964.0,547.0,603.0,Circuit Road,2,1,"Macpherson, Braddell",East,2025-04-19 13:25:28
22 BALAM ROAD,320000.0,HDB 3-Room,Geylang,1965.0,496.0,645.0,Balam Road,2,1,"Macpherson, Braddell",East,2025-04-19 13:25:28
134 POTONG PASIR AVENUE 3,599999.0,HDB 3-Room,Toa Payoh,1984.0,753.0,797.0,Potong Pasir Avenue 3,2,2,"Macpherson, Braddell",East,2025-04-19 13:25:28
118A ALKAFF CRESCENT,838000.0,HDB 3-Room,2019,2019.0,1145.0,732.0,Alkaff Crescent,2,2,"Macpherson, Braddell",East,2025-04-19 13:25:28
115C ALKAFF CRESCENT,1088000.0,HDB 4-Room,2019,2019.0,1087.0,1001.0,Alkaff Crescent,3,2,"Macpherson, Braddell",East,2025-04-19 13:25:28
102B BIDADARI PARK DRIVE,1100000.0,HDB 4-Room,2020,2020.0,1099.0,1001.0,Bidadari Park Drive,3,2,"Macpherson, Braddell",East,2025-04-19 13:25:28
117 POTONG PASIR AVENUE 1,630000.0,HDB 4-Room,Toa Payoh,1984.0,586.0,1076.0,Potong Pasir Avenue 1,3,2,"Macpherson, Braddell",East,2025-04-19 13:25:28
102B BIDADARI PARK DRIVE,1150000.0,HDB 4-Room,2020,2020.0,1149.0,1001.0,Bidadari Park Drive,3,2,"Macpherson, Braddell",East,2025-04-19 13:25:28
106B BIDADARI PARK DRIVE,1078000.0,HDB 4-Room,2019,2019.0,1065.0,1012.0,Bidadari Park Drive,3,2,"Macpherson, Braddell",East,2025-04-19 13:25:28
115C ALKAFF CRESCENT,1000000.0,HDB 3-Room,2019,2019.0,1366.0,732.0,Alkaff Crescent,2,2,"Macpherson, Braddell",East,2025-04-19 13:25:28
341 UBI AVENUE 1,618000.0,HDB 4-Room,Geylang,1985.0,684.0,904.0,Ubi Avenue 1,3,2,"Geylang, Eunos",East,2025-04-19 13:25:28
656 JALAN TENAGA,969000.0,HDB 5-Room,Bedok,1995.0,715.0,1356.0,Jalan Tenaga,4,2,"Geylang, Eunos",East,2025-04-19 13:25:28
124 GEYLANG EAST AVENUE 1,908000.0,HDB 5-Room,Geylang,1983.0,639.0,1421.0,Geylang East Avenue 1,3,2,"Geylang, Eunos",East,2025-04-19 13:25:28
99 ALJUNIED CRESCENT,520000.0,HDB 3-Room,Geylang,1977.0,589.0,883.0,Aljunied Crescent,2,2,"Geylang, Eunos",East,2025-04-19 13:25:28
34 CASSIA CRESCENT,520000.0,HDB 3-Room,Geylang,1980.0,721.0,721.0,Cassia Crescent,2,2,"Geylang, Eunos",East,2025-04-19 13:25:28
106 ALJUNIED CRESCENT,460000.0,HDB 3-Room,Geylang,1978.0,638.0,721.0,Aljunied Crescent,2,2,"Geylang, Eunos",East,2025-04-19 13:25:28
23 EUNOS CRESCENT,628000.0,HDB 4-Room,Geylang,1976.0,634.0,990.0,Eunos Crescent,3,2,"Geylang, Eunos",East,2025-04-19 13:25:28
311 UBI AVENUE 1,618000.0,HDB 4-Room,Geylang,1985.0,684.0,904.0,Ubi Avenue 1,3,2,"Geylang, Eunos",East,2025-04-19 13:25:28
5 PINE CLOSE,945000.0,HDB 5-Room,Geylang,1998.0,770.0,1227.0,Pine Close,3,2,"Geylang, Eunos",East,2025-04-19 13:25:28
32 CASSIA CRESCENT,530000.0,HDB 3-Room,Geylang,1980.0,735.0,721.0,Cassia Crescent,2,2,"Geylang, Eunos",East,2025-04-19 13:25:28
330 UBI AVENUE 1,588000.0,HDB 4-Room,Geylang,1985.0,650.0,904.0,Ubi Avenue 1,3,2,"Geylang, Eunos",East,2025-04-19 13:25:28
82B CIRCUIT ROAD,1080000.0,HDB 4-Room,Geylang,2019.0,1079.0,1001.0,Circuit Road,3,2,"Geylang, Eunos",East,2025-04-19 13:25:28
42A SIMS DRIVE,768000.0,HDB 5-Room,Geylang,1989.0,585.0,1313.0,Sims Drive,4,2,"Geylang, Eunos",East,2025-04-19 13:25:28
11 UPPER BOON KENG ROAD,499000.0,HDB 3-Room,Kallang/Whampoa,1973.0,621.0,804.0,Upper Boon Keng Road,2,1,"Geylang, Eunos",East,2025-04-19 13:25:28
326 UBI AVENUE 1,1100000.0,HDB Exec Maisonette,Geylang,1985.0,701.0,1570.0,Ubi Avenue 1,3,2,"Geylang, Eunos",East,2025-04-19 13:25:28
655 JALAN TENAGA,888000.0,HDB 5-Room,Bedok,1995.0,650.0,1367.0,Jalan Tenaga,4,2,"Geylang, Eunos",East,2025-04-19 13:25:28
2A UPPER BOON KENG ROAD,840000.0,HDB 4-Room,Kallang/Whampoa,2006.0,868.0,968.0,Upper Boon Keng Road,3,2,"Geylang, Eunos",East,2025-04-19 13:25:28
2A UPPER BOON KENG ROAD,1120000.0,HDB 5-Room,Kallang/Whampoa,2006.0,946.0,1184.0,Upper Boon Keng Road,3,2,"Geylang, Eunos",East,2025-04-19 13:25:28
51 SIMS DRIVE,809000.0,HDB 5-Room,Geylang,1976.0,632.0,1280.0,Sims Drive,3,2,"Geylang, Eunos",East,2025-04-19 13:25:28
2A UPPER BOON KENG ROAD,1120000.0,HDB 5-Room,Kallang/Whampoa,2006.0,946.0,1184.0,Upper Boon Keng Road,3,2,"Geylang, Eunos",East,2025-04-19 13:25:28
77 MARINE DRIVE,1100000.0,HDB 5-Room,Marine Parade,1976.0,838.0,1313.0,Marine Drive,3,2,"Katong, Joo Chiat, Amber Road",East,2025-04-19 13:25:28
2 MARINE TERRACE,898888.0,HDB 5-Room,Marine Parade,1974.0,696.0,1292.0,Marine Terrace,3,2,"Katong, Joo Chiat, Amber Road",East,2025-04-19 13:25:28
77 MARINE DRIVE,1100000.0,HDB 5-Room,Marine Parade,1976.0,851.0,1292.0,Marine Drive,3,2,"Katong, Joo Chiat, Amber Road",East,2025-04-19 13:25:28
65 MARINE DRIVE,468000.0,HDB 3-Room,Marine Parade,1975.0,669.0,700.0,Marine Drive,2,2,"Katong, Joo Chiat, Amber Road",East,2025-04-19 13:25:28
12 MARINE TERRACE,888000.0,HDB 5-Room,Marine Parade,1974.0,687.0,1292.0,Marine Terrace,3,2,"Katong, Joo Chiat, Amber Road",East,2025-04-19 13:25:28
6 MARINE TERRACE,480000.0,HDB 3-Room,Marine Parade,1974.0,686.0,700.0,Marine Terrace,2,2,"Katong, Joo Chiat, Amber Road",East,2025-04-19 13:25:28
44 MARINE CRESCENT,800000.0,HDB 5-Room,Marine Parade,1975.0,620.0,1291.0,Marine Crescent,3,2,"Katong, Joo Chiat, Amber Road",East,2025-04-19 13:25:28
8 JALAN BATU,358000.0,HDB 2-Room,Kallang/Whampoa,1963.0,694.0,516.0,Jalan Batu,1,1,"Katong, Joo Chiat, Amber Road",East,2025-04-19 13:25:28
31 MARINE CRESCENT,458000.0,HDB 3-Room,Marine Parade,1974.0,654.0,700.0,Marine Crescent,2,2,"Katong, Joo Chiat, Amber Road",East,2025-04-19 13:25:28
64 MARINE DRIVE,450000.0,HDB 3-Room,Marine Parade,1975.0,615.0,732.0,Marine Drive,2,1,"Katong, Joo Chiat, Amber Road",East,2025-04-19 13:25:28
12 MARINE TERRACE,1100000.0,HDB 5-Room,Marine Parade,1974.0,851.0,1292.0,Marine Terrace,3,2,"Katong, Joo Chiat, Amber Road",East,2025-04-19 13:25:28
75 MARINE DRIVE,700000.0,HDB 4-Room,Marine Parade,1975.0,793.0,883.0,Marine Drive,3,1,"Katong, Joo Chiat, Amber Road",East,2025-04-19 13:25:28
6 MARINE TERRACE,470000.0,HDB 3-Room,Marine Parade,1974.0,671.0,700.0,Marine Terrace,2,2,"Katong, Joo Chiat, Amber Road",East,2025-04-19 13:25:28
8 JALAN BATU,345000.0,HDB 2-Room,Kallang/Whampoa,1963.0,641.0,538.0,Jalan Batu,2,1,"Katong, Joo Chiat, Amber Road",East,2025-04-19 13:25:28
6 HAIG ROAD,808000.0,HDB 5-Room,Geylang,1976.0,653.0,1237.0,Haig Road,3,2,"Katong, Joo Chiat, Amber Road",East,2025-04-19 13:25:28
4 MARINE TERRACE,480000.0,HDB 3-Room,Marine Parade,1974.0,687.0,699.0,Marine Terrace,2,1,"Katong, Joo Chiat, Amber Road",East,2025-04-19 13:25:28
10 JALAN BATU,795000.0,HDB 4-Room,Kallang/Whampoa,1966.0,704.0,1130.0,Jalan Batu,3,2,"Katong, Joo Chiat, Amber Road",East,2025-04-19 13:25:28
4 BEDOK SOUTH AVENUE 1,440000.0,HDB 3-Room,Bedok,1975.0,561.0,785.0,Bedok South Avenue 1,3,1,"Bedok, Upper East Coast, Eastwood, Kew Drive",East,2025-04-19 13:25:28
550 BEDOK NORTH AVENUE 1,430000.0,HDB 3-Room,Bedok,1979.0,596.0,721.0,Bedok North Avenue 1,3,2,"Bedok, Upper East Coast, Eastwood, Kew Drive",East,2025-04-19 13:25:28
709 BEDOK RESERVOIR ROAD,478000.0,HDB 3-Room,Bedok,1980.0,653.0,732.0,Bedok Reservoir Road,2,2,"Bedok, Upper East Coast, Eastwood, Kew Drive",East,2025-04-19 13:25:28
110 BEDOK NORTH ROAD,499000.0,HDB 3-Room,Bedok,1976.0,566.0,882.0,Bedok North Road,2,2,"Bedok, Upper East Coast, Eastwood, Kew Drive",East,2025-04-19 13:25:28
221B BEDOK CENTRAL,880000.0,HDB 4-Room,Bedok,2008.0,870.0,1011.0,Bedok Central,3,2,"Bedok, Upper East Coast, Eastwood, Kew Drive",East,2025-04-19 13:25:28
84 BEDOK NORTH STREET 4,880000.0,HDB 5-Room,Bedok,1977.0,610.0,1442.0,Bedok North Street 4,5,4,"Bedok, Upper East Coast, Eastwood, Kew Drive",East,2025-04-19 13:25:28
510 BEDOK NORTH STREET 3,599000.0,HDB 4-Room,Bedok,1979.0,618.0,969.0,Bedok North Street 3,3,2,"Bedok, Upper East Coast, Eastwood, Kew Drive",East,2025-04-19 13:25:28
147 BEDOK RESERVOIR ROAD,768000.0,HDB 5-Room,Bedok,1986.0,585.0,1313.0,Bedok Reservoir Road,3,2,"Bedok, Upper East Coast, Eastwood, Kew Drive",East,2025-04-19 13:25:28
27 NEW UPPER CHANGI ROAD,480000.0,HDB 3-Room,Bedok,1976.0,603.0,796.0,New Upper Changi Road,3,2,"Bedok, Upper East Coast, Eastwood, Kew Drive",East,2025-04-19 13:25:28
19 CHAI CHEE ROAD,403000.0,HDB 3-Room,Bedok,1972.0,577.0,699.0,Chai Chee Road,2,1,"Bedok, Upper East Coast, Eastwood, Kew Drive",East,2025-04-19 13:25:28
428 BEDOK NORTH ROAD,620000.0,HDB 4-Room,Bedok,1978.0,626.0,990.0,Bedok North Road,3,2,"Bedok, Upper East Coast, Eastwood, Kew Drive",East,2025-04-19 13:25:28
713 BEDOK RESERVOIR ROAD,470000.0,HDB 3-Room,Bedok,1980.0,642.0,732.0,Bedok Reservoir Road,2,2,"Bedok, Upper East Coast, Eastwood, Kew Drive",East,2025-04-19 13:25:28
43 BEDOK SOUTH ROAD,480000.0,HDB 4-Room,Bedok,1977.0,531.0,904.0,Bedok South Road,3,2,"Bedok, Upper East Coast, Eastwood, Kew Drive",East,2025-04-19 13:25:28
4 BEDOK SOUTH AVENUE 1,488000.0,HDB 3-Room,Bedok,1975.0,697.0,700.0,Bedok South Avenue 1,3,1,"Bedok, Upper East Coast, Eastwood, Kew Drive",East,2025-04-19 13:25:28
431A BEDOK NORTH ROAD,727000.0,HDB 3-Room,Bedok,2019.0,978.0,743.0,Bedok North Road,2,2,"Bedok, Upper East Coast, Eastwood, Kew Drive",East,2025-04-19 13:25:28
137 BEDOK RESERVOIR ROAD,1270000.0,HDB Exec Maisonette,Bedok,1986.0,792.0,1604.0,Bedok Reservoir Road,4,3,"Bedok, Upper East Coast, Eastwood, Kew Drive",East,2025-04-19 13:25:28
218 BEDOK NORTH STREET 1,488888.0,HDB 3-Room,Bedok,1979.0,678.0,721.0,Bedok North Street 1,2,2,"Bedok, Upper East Coast, Eastwood, Kew Drive",East,2025-04-19 13:25:28
431A BEDOK NORTH ROAD,925000.0,HDB 4-Room,Bedok,2019.0,914.0,1012.0,Bedok North Road,3,2,"Bedok, Upper East Coast, Eastwood, Kew Drive",East,2025-04-19 13:25:28
128 BEDOK RESERVOIR ROAD,600000.0,HDB 4-Room,Bedok,1986.0,664.0,904.0,Bedok Reservoir Road,3,2,"Bedok, Upper East Coast, Eastwood, Kew Drive",East,2025-04-19 13:25:28
1 CHANGI VILLAGE ROAD,360000.0,HDB 3-Room,Pasir Ris,1975.0,507.0,710.0,Changi Village Road,2,1,"Loyang, Changi",East,2025-04-19 13:25:28
5 CHANGI VILLAGE ROAD,500000.0,HDB 3-Room,Pasir Ris,1978.0,627.0,797.0,Changi Village Road,2,2,"Loyang, Changi",East,2025-04-19 13:25:28
4 CHANGI VILLAGE ROAD,330000.0,HDB 3-Room,Pasir Ris,1975.0,414.0,797.0,Changi Village Road,2,1,"Loyang, Changi",East,2025-04-19 13:25:28
604B TAMPINES AVENUE 9,896000.0,HDB 5-Room,Tampines,2018.0,743.0,1206.0,Tampines Avenue 9,3,2,"Tampines, Pasir Ris",East,2025-04-19 13:25:28
895 TAMPINES STREET 81,1050000.0,HDB Exec Maisonette,Tampines,1988.0,668.0,1572.0,Tampines Street 81,3,3,"Tampines, Pasir Ris",East,2025-04-19 13:25:28
257 TAMPINES STREET 21,799000.0,HDB 5-Room,Tampines,1983.0,614.0,1302.0,Tampines Street 21,3,2,"Tampines, Pasir Ris",East,2025-04-19 13:25:28
250 TAMPINES STREET 21,680000.0,HDB 4-Room,Tampines,1983.0,614.0,1108.0,Tampines Street 21,3,2,"Tampines, Pasir Ris",East,2025-04-19 13:25:28
408 PASIR RIS DRIVE 6,1238800.0,HDB Exec Maisonette,Pasir Ris,1989.0,788.0,1572.0,Pasir Ris Drive 6,3,3,"Tampines, Pasir Ris",East,2025-04-19 13:25:28
104 PASIR RIS STREET 12,700000.0,HDB 5-Room,Pasir Ris,1988.0,533.0,1313.0,Pasir Ris Street 12,4,2,"Tampines, Pasir Ris",East,2025-04-19 13:25:28
226 SIMEI STREET 4,1150000.0,HDB Exec Maisonette,Tampines,1987.0,732.0,1572.0,Simei Street 4,4,3,"Tampines, Pasir Ris",East,2025-04-19 13:25:28
608A TAMPINES NORTH DRIVE 1,850000.0,HDB 5-Room,Tampines,2019.0,699.0,1216.0,Tampines North Drive 1,3,2,"Tampines, Pasir Ris",East,2025-04-19 13:25:28
505 TAMPINES CENTRAL 1,710000.0,HDB 4-Room,Tampines,1989.0,687.0,1033.0,Tampines Central 1,3,2,"Tampines, Pasir Ris",East,2025-04-19 13:25:28
432 TAMPINES STREET 41,768000.0,HDB 5-Room,Tampines,1985.0,585.0,1313.0,Tampines Street 41,3,2,"Tampines, Pasir Ris",East,2025-04-19 13:25:28
837 TAMPINES STREET 83,580000.0,HDB 4-Room,Tampines,1984.0,642.0,904.0,Tampines Street 83,3,2,"Tampines, Pasir Ris",East,2025-04-19 13:25:28
124 PASIR RIS STREET 11,635000.0,HDB 4-Room,Pasir Ris,1988.0,562.0,1130.0,Pasir Ris Street 11,3,2,"Tampines, Pasir Ris",East,2025-04-19 13:25:28
240 TAMPINES STREET 21,669000.0,HDB 4-Room,Tampines,1983.0,598.0,1119.0,Tampines Street 21,3,2,"Tampines, Pasir Ris",East,2025-04-19 13:25:28
708 TAMPINES STREET 71,680000.0,HDB 4-Room,Tampines,1996.0,632.0,1076.0,Tampines Street 71,3,2,"Tampines, Pasir Ris",East,2025-04-19 13:25:28
134 PASIR RIS STREET 11,918000.0,HDB Exec Apartment,Pasir Ris,1993.0,561.0,1636.0,Pasir Ris Street 11,4,2,"Tampines, Pasir Ris",East,2025-04-19 13:25:28
746 PASIR RIS STREET 71,820000.0,HDB 5-Room,Pasir Ris,1994.0,600.0,1367.0,Pasir Ris Street 71,4,2,"Tampines, Pasir Ris",East,2025-04-19 13:25:28
271 TAMPINES STREET 21,750000.0,HDB 4-Room,Tampines,1984.0,600.0,1249.0,Tampines Street 21,3,2,"Tampines, Pasir Ris",East,2025-04-19 13:25:28
127 RIVERVALE STREET,680000.0,HDB 5-Room,Sengkang,1998.0,527.0,1291.0,Rivervale Street,3,2,"Serangoon Garden, Hougang, Ponggol",North East,2025-04-19 13:25:28
232C SUMANG LANE,528888.0,HDB 3-Room,Punggol,2017.0,724.0,731.0,Sumang Lane,2,2,"Serangoon Garden, Hougang, Ponggol",North East,2025-04-19 13:25:28
641 HOUGANG AVENUE 8,718888.0,HDB 5-Room,Hougang,1986.0,557.0,1291.0,Hougang Avenue 8,3,2,"Serangoon Garden, Hougang, Ponggol",North East,2025-04-19 13:25:28
642 HOUGANG AVENUE 8,430000.0,HDB 3-Room,Hougang,1986.0,657.0,654.0,Hougang Avenue 8,2,2,"Serangoon Garden, Hougang, Ponggol",North East,2025-04-19 13:25:28
333B ANCHORVALE LINK,778000.0,HDB 5-Room,Sengkang,2014.0,645.0,1206.0,Anchorvale Link,3,2,"Serangoon Garden, Hougang, Ponggol",North East,2025-04-19 13:25:28
514 SERANGOON NORTH AVENUE 4,788000.0,HDB 5-Room,Serangoon,1991.0,600.0,1313.0,Serangoon North Avenue 4,3,2,"Serangoon Garden, Hougang, Ponggol",North East,2025-04-19 13:25:28
145 RIVERVALE DRIVE,800000.0,HDB 5-Room,Sengkang,1998.0,641.0,1248.0,Rivervale Drive,3,2,"Serangoon Garden, Hougang, Ponggol",North East,2025-04-19 13:25:28
470B UPPER SERANGOON CRESCENT,599000.0,HDB 3-Room,Serangoon,2014.0,831.0,721.0,Upper Serangoon Crescent,2,2,"Serangoon Garden, Hougang, Ponggol",North East,2025-04-19 13:25:28
310B PUNGGOL WALK,733800.0,HDB 4PA (Premium Apartment),Punggol,2015.0,741.0,990.0,Punggol Walk,3,2,"Serangoon Garden, Hougang, Ponggol",North East,2025-04-19 13:25:28
168B PUNGGOL EAST,680000.0,HDB 4PA (Premium Apartment),Punggol,2007.0,687.0,990.0,Punggol East,3,2,"Serangoon Garden, Hougang, Ponggol",North East,2025-04-19 13:25:28
535 SERANGOON NORTH AVENUE 4,1080000.0,HDB Exec Maisonette,Serangoon,1991.0,660.0,1636.0,Serangoon North Avenue 4,4,3,"Serangoon Garden, Hougang, Ponggol",North East,2025-04-19 13:25:28
19 HOUGANG AVENUE 3,428000.0,HDB 3-Room,Hougang,1977.0,545.0,785.0,Hougang Avenue 3,2,2,"Serangoon Garden, Hougang, Ponggol",North East,2025-04-19 13:25:28
401 HOUGANG AVENUE 10,488000.0,HDB 3-Room,Hougang,1984.0,667.0,732.0,Hougang Avenue 10,2,2,"Serangoon Garden, Hougang, Ponggol",North East,2025-04-19 13:25:28
221 SERANGOON AVENUE 4,508000.0,HDB 3-Room,Serangoon,1984.0,705.0,721.0,Serangoon Avenue 4,2,2,"Serangoon Garden, Hougang, Ponggol",North East,2025-04-19 13:25:28
614A EDGEFIELD PLAINS,708888.0,HDB 4-Room,Punggol,2011.0,716.0,990.0,Edgefield Plains,3,2,"Serangoon Garden, Hougang, Ponggol",North East,2025-04-19 13:25:28
211C PUNGGOL WALK,688000.0,HDB 4-Room,Punggol,2013.0,695.0,990.0,Punggol Walk,3,2,"Serangoon Garden, Hougang, Ponggol",North East,2025-04-19 13:25:28
170A PUNGGOL FIELD,660000.0,HDB 4-Room,Punggol,2012.0,667.0,990.0,Punggol Field,3,2,"Serangoon Garden, Hougang, Ponggol",North East,2025-04-19 13:25:28
405 SIN MING AVENUE,1030000.0,HDB 5-Room,Bishan,1985.0,797.0,1292.0,Sin Ming Avenue,3,2,"Bishan, Ang Mo Kio",Central,2025-04-19 13:25:28
504 ANG MO KIO AVENUE 8,1300000.0,HDB Exec Apartment,Ang Mo Kio,1979.0,741.0,1754.0,Ang Mo Kio Avenue 8,5,4,"Bishan, Ang Mo Kio",Central,2025-04-19 13:25:28
601 ANG MO KIO AVENUE 5,440000.0,HDB 3-Room,Ang Mo Kio,1979.0,610.0,721.0,Ang Mo Kio Avenue 5,2,2,"Bishan, Ang Mo Kio",Central,2025-04-19 13:25:28
226 BISHAN STREET 23,878000.0,HDB 4-Room,Bishan,1990.0,800.0,1098.0,Bishan Street 23,3,2,"Bishan, Ang Mo Kio",Central,2025-04-19 13:25:28
307C ANG MO KIO AVENUE 1,1000000.0,HDB 4-Room,Ang Mo Kio,2010.0,1056.0,947.0,Ang Mo Kio Avenue 1,3,2,"Bishan, Ang Mo Kio",Central,2025-04-19 13:25:28
508 ANG MO KIO AVENUE 8,350000.0,HDB 2-Room,Ang Mo Kio,1979.0,738.0,474.0,Ang Mo Kio Avenue 8,1,1,"Bishan, Ang Mo Kio",Central,2025-04-19 13:25:28
214 ANG MO KIO AVENUE 3,528888.0,HDB 3-Room,Ang Mo Kio,1975.0,599.0,883.0,Ang Mo Kio Avenue 3,2,2,"Bishan, Ang Mo Kio",Central,2025-04-19 13:25:28
552 ANG MO KIO AVENUE 10,778000.0,HDB 5-Room,Ang Mo Kio,1979.0,608.0,1280.0,Ang Mo Kio Avenue 10,3,2,"Bishan, Ang Mo Kio",Central,2025-04-19 13:25:28
345 ANG MO KIO AVENUE 3,580000.0,HDB 3-Room,Ang Mo Kio,,612.0,947.0,Ang Mo Kio Avenue 3,3,2,"Bishan, Ang Mo Kio",Central,2025-04-19 13:25:28
286 BISHAN STREET 24,880000.0,HDB 4-Room,Bishan,1991.0,757.0,1162.0,Bishan Street 24,3,2,"Bishan, Ang Mo Kio",Central,2025-04-19 13:25:28
151 ANG MO KIO AVENUE 5,449000.0,HDB 3-Room,Ang Mo Kio,1980.0,613.0,732.0,Ang Mo Kio Avenue 5,2,2,"Bishan, Ang Mo Kio",Central,2025-04-19 13:25:28
621 ANG MO KIO AVENUE 9,499000.0,HDB 3-Room,Ang Mo Kio,1979.0,682.0,732.0,Ang Mo Kio Avenue 9,2,2,"Bishan, Ang Mo Kio",Central,2025-04-19 13:25:28
541 ANG MO KIO AVENUE 10,438000.0,HDB 3-Room,Ang Mo Kio,1979.0,598.0,732.0,Ang Mo Kio Avenue 10,2,2,"Bishan, Ang Mo Kio",Central,2025-04-19 13:25:28
268 BISHAN STREET 24,788000.0,HDB 4-Room,Bishan,1991.0,704.0,1119.0,Bishan Street 24,3,2,"Bishan, Ang Mo Kio",Central,2025-04-19 13:25:28
165 BISHAN STREET 13,998000.0,HDB 5-Room,Bishan,1987.0,767.0,1302.0,Bishan Street 13,3,2,"Bishan, Ang Mo Kio",Central,2025-04-19 13:25:28
308 SHUNFU ROAD,585000.0,HDB 3-Room,Bishan,1984.0,799.0,732.0,Shunfu Road,2,2,"Bishan, Ang Mo Kio",Central,2025-04-19 13:25:28
128 BISHAN STREET 12,1020000.0,HDB 5-Room,Bishan,1986.0,783.0,1302.0,Bishan Street 12,3,2,"Bishan, Ang Mo Kio",Central,2025-04-19 13:25:28
346 ANG MO KIO AVENUE 3,460000.0,HDB 3-Room,Ang Mo Kio,1977.0,585.0,786.0,Ang Mo Kio Avenue 3,2,2,"Bishan, Ang Mo Kio",Central,2025-04-19 13:25:28
144 BISHAN STREET 12,1088888.0,HDB 5-Room,Bishan,1987.0,822.0,1324.0,Bishan Street 12,3,2,"Bishan, Ang Mo Kio",Central,2025-04-19 13:25:28
11 TOH YI DRIVE,1080000.0,HDB 5-Room,Bukit Timah,1988.0,823.0,1313.0,Toh Yi Drive,3,2,"Upper Bukit Timah, Clementi Park, Ulu Pandan",West,2025-04-19 13:25:28
9 TOH YI DRIVE,1150000.0,HDB 4-Room,Bukit Timah,1988.0,1028.0,1119.0,Toh Yi Drive,3,2,"Upper Bukit Timah, Clementi Park, Ulu Pandan",West,2025-04-19 13:25:28
17 TOH YI DRIVE,1300000.0,HDB 5-Room,Bukit Timah,1988.0,990.0,1313.0,Toh Yi Drive,4,2,"Upper Bukit Timah, Clementi Park, Ulu Pandan",West,2025-04-19 13:25:28
17 TOH YI DRIVE,1190000.0,HDB 5-Room,Bukit Timah,1988.0,864.0,1378.0,Toh Yi Drive,4,2,"Upper Bukit Timah, Clementi Park, Ulu Pandan",West,2025-04-19 13:25:28
4 TOH YI DRIVE,1299000.0,HDB 5-Room,Bukit Timah,1988.0,989.0,1313.0,Toh Yi Drive,4,2,"Upper Bukit Timah, Clementi Park, Ulu Pandan",West,2025-04-19 13:25:28
17 TOH YI DRIVE,1180000.0,HDB 5-Room,Bukit Timah,1988.0,857.0,1377.0,Toh Yi Drive,3,2,"Upper Bukit Timah, Clementi Park, Ulu Pandan",West,2025-04-19 13:25:28
14 TOH YI DRIVE,1190000.0,HDB 5-Room,Bukit Timah,1987.0,906.0,1313.0,Toh Yi Drive,4,2,"Upper Bukit Timah, Clementi Park, Ulu Pandan",West,2025-04-19 13:25:28
7 TOH YI DRIVE,1490000.0,HDB Exec Maisonette,Bukit Timah,1989.0,948.0,1571.0,Toh Yi Drive,4,3,"Upper Bukit Timah, Clementi Park, Ulu Pandan",West,2025-04-19 13:25:28
17 TOH YI DRIVE,1250000.0,HDB 5-Room,Bukit Timah,1988.0,906.0,1379.0,Toh Yi Drive,4,2,"Upper Bukit Timah, Clementi Park, Ulu Pandan",West,2025-04-19 13:25:28
7 TOH YI DRIVE,1280000.0,HDB Exec Apartment,Bukit Timah,1989.0,838.0,1528.0,Toh Yi Drive,5,2,"Upper Bukit Timah, Clementi Park, Ulu Pandan",West,2025-04-19 13:25:28
17 TOH YI DRIVE,1180000.0,HDB 5-Room,Bukit Timah,1988.0,857.0,1377.0,Toh Yi Drive,3,2,"Upper Bukit Timah, Clementi Park, Ulu Pandan",West,2025-04-19 13:25:28
17 TOH YI DRIVE,1250000.0,HDB 5-Room,Bukit Timah,1988.0,908.0,1377.0,Toh Yi Drive,4,2,"Upper Bukit Timah, Clementi Park, Ulu Pandan",West,2025-04-19 13:25:28
15 TOH YI DRIVE,1320000.0,HDB Exec Maisonette,Bukit Timah,1987.0,840.0,1571.0,Toh Yi Drive,4,3,"Upper Bukit Timah, Clementi Park, Ulu Pandan",West,2025-04-19 13:25:28
7 TOH YI DRIVE,1280000.0,HDB Exec Apartment,Bukit Timah,1989.0,815.0,1571.0,Toh Yi Drive,4,2,"Upper Bukit Timah, Clementi Park, Ulu Pandan",West,2025-04-19 13:25:28
17 TOH YI DRIVE,1250000.0,HDB 5-Room,Bukit Timah,1988.0,907.0,1378.0,Toh Yi Drive,4,2,"Upper Bukit Timah, Clementi Park, Ulu Pandan",West,2025-04-19 13:25:28
17 TOH YI DRIVE,1280000.0,HDB 5-Room,Bukit Timah,1988.0,928.0,1380.0,Toh Yi Drive,4,2,"Upper Bukit Timah, Clementi Park, Ulu Pandan",West,2025-04-19 13:25:28
17 TOH YI DRIVE,1250000.0,HDB 5-Room,Bukit Timah,1988.0,908.0,1376.0,Toh Yi Drive,4,2,"Upper Bukit Timah, Clementi Park, Ulu Pandan",West,2025-04-19 13:25:28
854 JURONG WEST STREET 81,598888.0,HDB 5-Room,Jurong West,1994.0,449.0,1334.0,Jurong West Street 81,3,2,Jurong,West,2025-04-19 13:25:28
906 JURONG WEST STREET 91,698888.0,HDB Exec Apartment,Jurong West,1988.0,461.0,1517.0,Jurong West Street 91,3,2,Jurong,West,2025-04-19 13:25:28
279 TOH GUAN ROAD,680888.0,HDB 4-Room,Jurong East,1997.0,630.0,1080.0,Toh Guan Road,3,2,Jurong,West,2025-04-19 13:25:28
204 JURONG EAST STREET 21,760000.0,HDB 5-Room,Jurong East,1982.0,574.0,1324.0,Jurong East Street 21,3,2,Jurong,West,2025-04-19 13:25:28
687 JURONG WEST CENTRAL 1,660000.0,HDB 4-Room,Jurong West,1997.0,620.0,1065.0,Jurong West Central 1,3,2,Jurong,West,2025-04-19 13:25:28
65 TEBAN GARDENS ROAD,608888.0,HDB 4-Room,Jurong East,2001.0,623.0,978.0,Teban Gardens Road,3,2,Jurong,West,2025-04-19 13:25:28
765 JURONG WEST STREET 74,600000.0,HDB 4-Room,Jurong West,1995.0,526.0,1141.0,Jurong West Street 74,3,2,Jurong,West,2025-04-19 13:25:28
683C JURONG WEST STREET 64,698888.0,HDB 5-Room,Jurong West,1999.0,585.0,1195.0,Jurong West Street 64,3,2,Jurong,West,2025-04-19 13:25:28
693 JURONG WEST CENTRAL 1,650000.0,HDB 4PA (Premium Apartment),Jurong West,1996.0,570.0,1141.0,Jurong West Central 1,3,2,Jurong,West,2025-04-19 13:25:28
187 BOON LAY AVENUE,368000.0,HDB 3-Room,Jurong West,1975.0,503.0,731.0,Boon Lay Avenue,2,2,Jurong,West,2025-04-19 13:25:28
946 JURONG WEST STREET 91,530000.0,HDB 4-Room,Jurong West,1988.0,478.0,1108.0,Jurong West Street 91,3,2,Jurong,West,2025-04-19 13:25:28
163 YUNG PING ROAD,938000.0,HDB Exec Maisonette,Jurong West,1995.0,577.0,1625.0,Yung Ping Road,4,3,Jurong,West,2025-04-19 13:25:28
183A BOON LAY AVENUE,588000.0,HDB 4-Room,Jurong West,2013.0,594.0,990.0,Boon Lay Avenue,3,2,Jurong,West,2025-04-19 13:25:28
863 JURONG WEST STREET 81,575000.0,HDB 5-Room,Jurong West,1994.0,435.0,1323.0,Jurong West Street 81,4,2,Jurong,West,2025-04-19 13:25:28
313 JURONG EAST STREET 32,420888.0,HDB 3-Room,Jurong East,1983.0,529.0,795.0,Jurong East Street 32,2,2,Jurong,West,2025-04-19 13:25:28
658A JURONG WEST STREET 65,740000.0,HDB 5-Room,Jurong West,1999.0,614.0,1205.0,Jurong West Street 65,3,2,Jurong,West,2025-04-19 13:25:28
103 JURONG EAST STREET 13,740000.0,HDB 5-Room,Jurong East,1982.0,573.0,1292.0,Jurong East Street 13,3,2,Jurong,West,2025-04-19 13:25:28
346 KANG CHING ROAD,700000.0,HDB 5-Room,Jurong West,1995.0,538.0,1302.0,Kang Ching Road,4,2,Jurong,West,2025-04-19 13:25:28
272D JURONG WEST STREET 24,595000.0,HDB 5PA (Premium Apartment),Jurong West,2002.0,5174.0,115.0,Jurong West Street 24,3,2,Jurong,West,2025-04-19 13:25:28
669D JURONG WEST STREET 64,745000.0,HDB Exec Apartment,Jurong West,1998.0,533.0,1399.0,Jurong West Street 64,4,2,Jurong,West,2025-04-19 13:25:28
611 BUKIT PANJANG RING ROAD,768888.0,HDB 5-Room,Bukit Panjang,2000.0,643.0,1195.0,Bukit Panjang Ring Road,3,2,"Hillview, Dairy Farm, Bukit Panjang, Choa Chu Kang",North,2025-04-19 13:25:28
461 SEGAR ROAD,650000.0,HDB 4PA (Premium Apartment),Bukit Panjang,2014.0,649.0,1001.0,Segar Road,2,2,"Hillview, Dairy Farm, Bukit Panjang, Choa Chu Kang",North,2025-04-19 13:25:28
630 SENJA ROAD,758000.0,HDB 5PA (Premium Apartment),Bukit Panjang,,640.0,1184.0,Senja Road,3,2,"Hillview, Dairy Farm, Bukit Panjang, Choa Chu Kang",North,2025-04-19 13:25:28
135 BUKIT BATOK WEST AVENUE 6,428888.0,HDB 3-Room,Bukit Batok,1983.0,586.0,732.0,Bukit Batok West Avenue 6,2,2,"Hillview, Dairy Farm, Bukit Panjang, Choa Chu Kang",North,2025-04-19 13:25:28
389 BUKIT BATOK WEST AVENUE 5,638888.0,HDB 5-Room,Bukit Batok,2004.0,503.0,1270.0,Bukit Batok West Avenue 5,4,2,"Hillview, Dairy Farm, Bukit Panjang, Choa Chu Kang",North,2025-04-19 13:25:28
135 BUKIT BATOK WEST AVENUE 6,548888.0,HDB 4-Room,Bukit Batok,1983.0,548.0,1001.0,Bukit Batok West Avenue 6,3,2,"Hillview, Dairy Farm, Bukit Panjang, Choa Chu Kang",North,2025-04-19 13:25:28
290D BUKIT BATOK EAST AVENUE 3,595000.0,HDB 4-Room,Bukit Batok,1996.0,537.0,1108.0,Bukit Batok East Avenue 3,3,2,"Hillview, Dairy Farm, Bukit Panjang, Choa Chu Kang",North,2025-04-19 13:25:28
664 CHOA CHU KANG CRESCENT,699999.0,HDB 5-Room,Choa Chu Kang,1998.0,524.0,1335.0,Choa Chu Kang Crescent,4,2,"Hillview, Dairy Farm, Bukit Panjang, Choa Chu Kang",North,2025-04-19 13:25:28
219 PETIR ROAD,499000.0,HDB 3-Room,Bukit Panjang,1987.0,635.0,786.0,Petir Road,2,2,"Hillview, Dairy Farm, Bukit Panjang, Choa Chu Kang",North,2025-04-19 13:25:28
416 BUKIT BATOK WEST AVENUE 4,630000.0,HDB 4-Room,Bukit Batok,1985.0,569.0,1108.0,Bukit Batok West Avenue 4,3,2,"Hillview, Dairy Farm, Bukit Panjang, Choa Chu Kang",North,2025-04-19 13:25:28
670A CHOA CHU KANG CRESCENT,618000.0,HDB 4-Room,Choa Chu Kang,1997.0,552.0,1119.0,Choa Chu Kang Crescent,3,2,"Hillview, Dairy Farm, Bukit Panjang, Choa Chu Kang",North,2025-04-19 13:25:28
296C BUKIT BATOK STREET 22,1000000.0,HDB 5PA (Premium Apartment),Bukit Batok,2017.0,808.0,1238.0,Bukit Batok Street 22,3,2,"Hillview, Dairy Farm, Bukit Panjang, Choa Chu Kang",North,2025-04-19 13:25:28
182 JELEBU ROAD,850000.0,HDB 4-Room,Bukit Panjang,2001.0,867.0,980.0,Jelebu Road,3,2,"Hillview, Dairy Farm, Bukit Panjang, Choa Chu Kang",North,2025-04-19 13:25:28
548B SEGAR ROAD,528000.0,HDB 3-Room,Bukit Panjang,2014.0,732.0,721.0,Segar Road,2,2,"Hillview, Dairy Farm, Bukit Panjang, Choa Chu Kang",North,2025-04-19 13:25:28
613 CHOA CHU KANG STREET 62,700000.0,HDB 5-Room,Choa Chu Kang,1994.0,496.0,1410.0,Choa Chu Kang Street 62,4,2,"Hillview, Dairy Farm, Bukit Panjang, Choa Chu Kang",North,2025-04-19 13:25:28
519 JELAPANG ROAD,820000.0,HDB Exec Apartment,Bukit Panjang,1997.0,533.0,1539.0,Jelapang Road,4,2,"Hillview, Dairy Farm, Bukit Panjang, Choa Chu Kang",North,2025-04-19 13:25:28
488 SEGAR ROAD,398888.0,HDB 2-Room,Bukit Panjang,2013.0,788.0,506.0,Segar Road,1,1,"Hillview, Dairy Farm, Bukit Panjang, Choa Chu Kang",North,2025-04-19 13:25:28
501 JELAPANG ROAD,599000.0,HDB 4-Room,Bukit Panjang,1997.0,551.0,1087.0,Jelapang Road,3,2,"Hillview, Dairy Farm, Bukit Panjang, Choa Chu Kang",North,2025-04-19 13:25:28
112 BUKIT BATOK WEST AVENUE 6,599000.0,HDB 4-Room,Bukit Batok,1984.0,525.0,1141.0,Bukit Batok West Avenue 6,3,2,"Hillview, Dairy Farm, Bukit Panjang, Choa Chu Kang",North,2025-04-19 13:25:28
504 CHOA CHU KANG STREET 51,578000.0,HDB 4-Room,Choa Chu Kang,1993.0,497.0,1162.0,Choa Chu Kang Street 51,3,2,"Hillview, Dairy Farm, Bukit Panjang, Choa Chu Kang",North,2025-04-19 13:25:28
15 MARSILING LANE,386000.0,HDB 3-Room,Woodlands,1975.0,551.0,700.0,Marsiling Lane,3,2,"Kranji, Woodgrove",North,2025-04-19 13:25:28
865 WOODLANDS STREET 83,980000.0,HDB Exec Maisonette,Woodlands,1995.0,619.0,1582.0,Woodlands Street 83,4,3,"Kranji, Woodgrove",North,2025-04-19 13:25:28
821 WOODLANDS STREET 82,1299000.0,HDB Exec Apartment,Woodlands,1985.0,682.0,1905.0,Woodlands Street 82,4,2,"Kranji, Woodgrove",North,2025-04-19 13:25:28
606 WOODLANDS RING ROAD,588000.0,HDB 4-Room,Woodlands,1997.0,541.0,1087.0,Woodlands Ring Road,3,2,"Kranji, Woodgrove",North,2025-04-19 13:25:28
785C WOODLANDS RISE,630000.0,HDB 4-Room,Woodlands,2017.0,629.0,1001.0,Woodlands Rise,3,2,"Kranji, Woodgrove",North,2025-04-19 13:25:28
817 WOODLANDS STREET 82,808000.0,HDB Exec Maisonette,Woodlands,1986.0,514.0,1571.0,Woodlands Street 82,4,3,"Kranji, Woodgrove",North,2025-04-19 13:25:28
344 WOODLANDS STREET 32,680000.0,HDB 5-Room,Woodlands,1985.0,518.0,1313.0,Woodlands Street 32,3,2,"Kranji, Woodgrove",North,2025-04-19 13:25:28
601 WOODLANDS DRIVE 42,530000.0,HDB 4-Room,Woodlands,1995.0,541.0,980.0,Woodlands Drive 42,3,2,"Kranji, Woodgrove",North,2025-04-19 13:25:28
171 WOODLANDS STREET 11,500000.0,HDB 4-Room,Woodlands,1984.0,510.0,980.0,Woodlands Street 11,3,2,"Kranji, Woodgrove",North,2025-04-19 13:25:28
709 WOODLANDS DRIVE 70,580000.0,HDB 4-Room,Woodlands,1995.0,528.0,1098.0,Woodlands Drive 70,3,2,"Kranji, Woodgrove",North,2025-04-19 13:25:28
721 WOODLANDS CIRCLE,598000.0,HDB 4-Room,Woodlands,1996.0,550.0,1087.0,Woodlands Circle,3,2,"Kranji, Woodgrove",North,2025-04-19 13:25:28
673 WOODLANDS DRIVE 71,788000.0,HDB 5-Room,Woodlands,1998.0,666.0,1184.0,Woodlands Drive 71,3,2,"Kranji, Woodgrove",North,2025-04-19 13:25:28
715 WOODLANDS DRIVE 70,595000.0,HDB 4-Room,Woodlands,1995.0,548.0,1086.0,Woodlands Drive 70,3,2,"Kranji, Woodgrove",North,2025-04-19 13:25:28
530 WOODLANDS DRIVE 14,735000.0,HDB 5PA (Premium Apartment),Woodlands,1997.0,546.0,1345.0,Woodlands Drive 14,3,2,"Kranji, Woodgrove",North,2025-04-19 13:25:28
542 WOODLANDS DRIVE 16,698000.0,HDB 5-Room,Woodlands,1998.0,564.0,1238.0,Woodlands Drive 16,3,2,"Kranji, Woodgrove",North,2025-04-19 13:25:28
837 WOODLANDS STREET 82,950000.0,HDB Exec Maisonette,Woodlands,1986.0,585.0,1625.0,Woodlands Street 82,4,3,"Kranji, Woodgrove",North,2025-04-19 13:25:28
750 WOODLANDS AVENUE 4,535000.0,HDB 4-Room,Woodlands,1996.0,487.0,1098.0,Woodlands Avenue 4,3,2,"Kranji, Woodgrove",North,2025-04-19 13:25:28
886A WOODLANDS DRIVE 50,510000.0,HDB 3PA (Premium Apartment),Woodlands,2013.0,707.0,721.0,Woodlands Drive 50,2,2,"Kranji, Woodgrove",North,2025-04-19 13:25:28
702 WOODLANDS DRIVE 40,680000.0,HDB 5-Room,Woodlands,1995.0,535.0,1270.0,Woodlands Drive 40,3,2,"Kranji, Woodgrove",North,2025-04-19 13:25:28
408 SEMBAWANG DRIVE,720000.0,HDB Exec Apartment,Sembawang,1999.0,515.0,1399.0,Sembawang Drive,4,2,"Yishun, Sembawang",North,2025-04-19 13:25:28
134 YISHUN STREET 11,450000.0,HDB 3-Room,Yishun,1984.0,614.0,733.0,Yishun Street 11,2,2,"Yishun, Sembawang",North,2025-04-19 13:25:28
128C CANBERRA STREET,799999.0,HDB 5PA (Premium Apartment),Sembawang,2017.0,658.0,1216.0,Canberra Street,3,2,"Yishun, Sembawang",North,2025-04-19 13:25:28
677B YISHUN RING ROAD,800000.0,HDB 5-Room,Yishun,2017.0,658.0,1216.0,Yishun Ring Road,3,2,"Yishun, Sembawang",North,2025-04-19 13:25:28
339A SEMBAWANG CLOSE,748000.0,HDB Exec Apartment,Sembawang,1999.0,530.0,1410.0,Sembawang Close,4,2,"Yishun, Sembawang",North,2025-04-19 13:25:28
405 ADMIRALTY LINK,550000.0,HDB 4-Room,Sembawang,1999.0,594.0,926.0,Admiralty Link,3,2,"Yishun, Sembawang",North,2025-04-19 13:25:28
101A CANBERRA STREET,640000.0,HDB 4-Room,Sembawang,2019.0,639.0,1001.0,Canberra Street,3,2,"Yishun, Sembawang",North,2025-04-19 13:25:28
303 CANBERRA ROAD,950000.0,HDB Exec Apartment,Sembawang,1997.0,630.0,1507.0,Canberra Road,4,2,"Yishun, Sembawang",North,2025-04-19 13:25:28
507B WELLINGTON CIRCLE,550000.0,HDB 4-Room,Sembawang,2000.0,562.0,979.0,Wellington Circle,3,2,"Yishun, Sembawang",North,2025-04-19 13:25:28
305 YISHUN CENTRAL,550000.0,HDB 4-Room,Yishun,1987.0,473.0,1162.0,Yishun Central,3,2,"Yishun, Sembawang",North,2025-04-19 13:25:28
126C CANBERRA STREET,800000.0,HDB 5-Room,Sembawang,2019.0,641.0,1248.0,Canberra Street,3,2,"Yishun, Sembawang",North,2025-04-19 13:25:28
128C CANBERRA STREET,739999.0,HDB 5-Room,Sembawang,2017.0,609.0,1216.0,Canberra Street,3,2,"Yishun, Sembawang",North,2025-04-19 13:25:28
366A SEMBAWANG CRESCENT,370000.0,HDB 2-Room,Sembawang,2018.0,717.0,516.0,Sembawang Crescent,1,1,"Yishun, Sembawang",North,2025-04-19 13:25:28
336C YISHUN RIVERWALK,750000.0,HDB 5-Room,27,2013.0,622.0,1206.0,336C Yishun Street 31,3,2,"Yishun, Sembawang",North,2025-04-19 13:25:28
250 YISHUN AVENUE 9,530000.0,HDB 4-Room,Yishun,1984.0,474.0,1119.0,Yishun Avenue 9,3,2,"Yishun, Sembawang",North,2025-04-19 13:25:28
508B YISHUN AVENUE 4,790000.0,HDB 5-Room,Yishun,2016.0,650.0,1216.0,Yishun Avenue 4,4,2,"Yishun, Sembawang",North,2025-04-19 13:25:28
323 SEMBAWANG CLOSE,710000.0,HDB 5-Room,Sembawang,1997.0,536.0,1324.0,Sembawang Close,4,2,"Yishun, Sembawang",North,2025-04-19 13:25:28
403 ADMIRALTY LINK,550000.0,HDB 4-Room,Sembawang,1999.0,568.0,969.0,Admiralty Link,3,2,"Yishun, Sembawang",North,2025-04-19 13:25:28
103A CANBERRA STREET,508000.0,HDB 3-Room,Sembawang,2019.0,738.0,688.0,Canberra Street,2,2,"Yishun, Sembawang",North,2025-04-19 13:25:28
413B FERNVALE LINK,638000.0,HDB 4-Room,Sengkang,2002.0,624.0,1022.0,Fernvale Link,3,2,Seletar,North East,2025-04-19 13:25:28
470A FERNVALE LINK,680000.0,HDB 4-Room,Sengkang,2015.0,679.0,1001.0,Fernvale Link,3,2,Seletar,North East,2025-04-19 13:25:28
404B FERNVALE LANE,718000.0,HDB 5-Room,Sengkang,2003.0,585.0,1227.0,Fernvale Lane,3,2,Seletar,North East,2025-04-19 13:25:28
452B SENGKANG WEST WAY,588000.0,HDB 4-Room,Sengkang,2013.0,594.0,990.0,Sengkang West Way,3,2,Seletar,North East,2025-04-19 13:25:28
413B FERNVALE LINK,630000.0,HDB 4-Room,Sengkang,2002.0,616.0,1023.0,Fernvale Link,3,2,Seletar,North East,2025-04-19 13:25:28
471A FERNVALE STREET,660000.0,HDB 4-Room,Sengkang,2015.0,659.0,1001.0,Fernvale Street,3,2,Seletar,North East,2025-04-19 13:25:28
441D FERNVALE ROAD,730000.0,HDB 4-Room,Sengkang,2010.0,729.0,1001.0,Fernvale Road,3,2,Seletar,North East,2025-04-19 13:25:28
403D FERNVALE LANE,710000.0,HDB 5PA (Premium Apartment),Sengkang,2003.0,579.0,1227.0,Fernvale Lane,3,2,Seletar,North East,2025-04-19 13:25:28
453D FERNVALE ROAD,608000.0,HDB 4-Room,Sengkang,2014.0,614.0,990.0,Fernvale Road,3,2,Seletar,North East,2025-04-19 13:25:28
411A FERNVALE ROAD,720000.0,HDB 4-Room,Sengkang,2011.0,697.0,1033.0,Fernvale Road,3,2,Seletar,North East,2025-04-19 13:25:28
443B FERNVALE ROAD,678000.0,HDB 4-Room,Sengkang,2010.0,663.0,1022.0,Fernvale Road,3,2,Seletar,North East,2025-04-19 13:25:28
457B SENGKANG WEST ROAD,588000.0,HDB 3-Room,Sengkang,2019.0,803.0,732.0,Sengkang West Road,2,2,Seletar,North East,2025-04-19 13:25:28
439B SENGKANG WEST AVENUE,699999.0,HDB 4-Room,Sengkang,2009.0,692.0,1012.0,Sengkang West Avenue,3,2,Seletar,North East,2025-04-19 13:25:28
439C SENGKANG WEST AVENUE,658000.0,HDB 4-Room,Sengkang,2009.0,650.0,1012.0,Sengkang West Avenue,3,2,Seletar,North East,2025-04-19 13:25:28
404B FERNVALE LANE,610000.0,HDB 5-Room,Sengkang,2003.0,497.0,1227.0,Fernvale Lane,3,2,Seletar,North East,2025-04-19 13:25:28
470B FERNVALE LINK,558000.0,HDB 3-Room,Sengkang,2015.0,762.0,732.0,Fernvale Link,2,2,Seletar,North East,2025-04-19 13:25:28
470B FERNVALE LINK,688000.0,HDB 4-Room,Sengkang,2015.0,687.0,1001.0,Fernvale Link,3,2,Seletar,North East,2025-04-19 13:25:28
451A SENGKANG WEST WAY,730000.0,HDB 5-Room,Sengkang,2013.0,611.0,1195.0,Sengkang West Way,4,2,Seletar,North East,2025-04-19 13:25:28
451A SENGKANG WEST WAY,768000.0,HDB 5-Room,Sengkang,2013.0,643.0,1195.0,Sengkang West Way,3,2,Seletar,North East,2025-04-19 13:25:28
471A FERNVALE STREET,660000.0,HDB 4-Room,Sengkang,2015.0,659.0,1001.0,Fernvale Street,3,2,Seletar,North East,2025-04-19 13:25:28
